text,expected_topic,pred_topic,route_confidence,why_explain
You had a tough childhood :(,Loneliness,Low Mood / Sadness,0.200508,
Long straight hair on the face is going to look quite odd I would guess.,Anger / Frustration / Guilt,Low Mood / Sadness,0.205658,
MRW someone asks me what that new annoying app that's always advertising on Youtube is.,Anger / Frustration / Guilt,Loneliness,0.206030,
Hi..I am Lana. Making food alone and bored. The food is mid.,Loneliness,Low Mood / Sadness,0.209034,
Palms had a rough game against PHL. Seems a bit off lately.,Insecurity / Self-esteem,Anger / Frustration / Guilt,0.209730,
OMG the bra hanging out of the back of that dress is so cringe.,Anxiety,Low Mood / Sadness,0.213123,
OMG the bra hanging out of the back of that dress is so cringe.,Insecurity / Self-esteem,Low Mood / Sadness,0.213123,
>!Cosplayer Bystander!<: I always knew he was a little bitch.,Anger / Frustration / Guilt,Anxiety,0.214883,
"TTs have size limits. The group I was acquainted with had, ahem, ""leadership"" problems as well.",Insecurity / Self-esteem,Anger / Frustration / Guilt,0.217954,
Is this Hawaii? I had such a feeling this was Maui when I saw it.,Insecurity / Self-esteem,Anxiety,0.218270,
Don't forget about the flooding in Houston. :/,Low Mood / Sadness,Insecurity / Self-esteem,0.218663,
"I reject that [NAME] can't defend. Now his legs being gone, that might ""have legs""",Insecurity / Self-esteem,Anger / Frustration / Guilt,0.220011,
Glad I wasn’t the only who noticed. Annoyed me slightly.,Anger / Frustration / Guilt,Loneliness,0.220949,
"[NAME] are the liars, we know.",Anger / Frustration / Guilt,Loneliness,0.221258,
"Stay away from her kids, [NAME]!",Anger / Frustration / Guilt,Loneliness,0.221796,
I don’t have to stop speaking fact simply because it’s uncomfortable for you to hear.,Anger / Frustration / Guilt,Insecurity / Self-esteem,0.223040,
"I would pay money for [NAME] to not be my nurse. She will probably ""accudentally"" squeeze my nuts. Crazy bitch.",Anger / Frustration / Guilt,Low Mood / Sadness,0.224182,
"I’ve gone through it before, and it sucks. I’m still a little hazy and withdrawn.",Anger / Frustration / Guilt,Insecurity / Self-esteem,0.224325,
Unique in a subreddit dedicated to finding concurring views? xD Oof,Anger / Frustration / Guilt,Low Mood / Sadness,0.224524,
[NAME] would've had to get lucky on that one. Can't give up that opportunity.,Insecurity / Self-esteem,Loneliness,0.225120,
was that hutty from [NAME]?? ahhh that makes me so happy. love those boys e: oh it was a rebound,Insecurity / Self-esteem,Loneliness,0.227111,
"OOOOOFFF, now that'd be a kick to the head",Anger / Frustration / Guilt,Insecurity / Self-esteem,0.230100,
It seems like everywhere I go people treating me like a laughing stock How do I deal with people making fun of me.,Loneliness,Insecurity / Self-esteem,0.231030,
"What's he whining about, I am only 52 and stuck on SSI now and only getting 1400.00",Insecurity / Self-esteem,Low Mood / Sadness,0.231378,
Oh my gosh!!!!!! 😂 you poor thing! Thanks for sharing!,Low Mood / Sadness,Anger / Frustration / Guilt,0.231825,
My whole life’s been a lie,Loneliness,Insecurity / Self-esteem,0.231868,
"Meh, whenever I travel with someone who can't walk fast, I just wait for the next train.",Anger / Frustration / Guilt,Insecurity / Self-esteem,0.232278,
"Wow, for some reason this made me really uncomfortable",Insecurity / Self-esteem,Loneliness,0.232324,
"As a male I have a question, it's a nsfw question and I'm uncomfortable to talk about it in a post. Please DM me or suggest me a sub where I can find people who are comfortable answering me without judgement.",Loneliness,Anger / Frustration / Guilt,0.232478,
It wouldnt. Legalization would drive consumers towards legal vendors.,Insecurity / Self-esteem,Low Mood / Sadness,0.233049,
