text,expected_topic,pred_topic,route_confidence,correct
I keep worrying about my future even when nothing bad is happening.,Anxiety,Anxiety,0.000000,1
My heart races before presentations and I can’t calm down.,Anxiety,Anxiety,0.000000,1
I’m anxious at night and my thoughts won’t stop.,Anxiety,Anger / Frustration / Guilt,0.168257,0
I feel panic coming on when I’m in crowded places.,Anxiety,Low Mood / Sadness,0.072901,0
I overthink every conversation and assume I messed up.,Anxiety,Anxiety,0.000000,1
I’m scared something terrible will happen to my family.,Anxiety,Loneliness,0.118672,0
My hands get sweaty and I feel tense for no reason.,Anxiety,Low Mood / Sadness,0.072901,0
I can’t focus because I’m constantly nervous.,Anxiety,Anxiety,0.000000,1
I’m anxious about exams even though I studied.,Anxiety,Anxiety,0.000000,1
I feel uneasy all day like something is wrong.,Anxiety,Low Mood / Sadness,0.072901,0
I’m afraid of failing and it’s making me restless.,Anxiety,Anxiety,0.000000,1
I keep checking my phone because I’m worried I missed something important.,Anxiety,Anxiety,0.000000,1
I get sudden anxiety spikes and I don’t know why.,Anxiety,Anxiety,0.246310,1
My stomach feels tight when I think about school.,Anxiety,Anxiety,0.000000,1
I avoid tasks because I’m worried I’ll do them wrong.,Anxiety,Stress & Burnout,0.137395,0
I’m overwhelmed with deadlines and I feel like I’m running out of energy.,Stress & Burnout,Low Mood / Sadness,0.072901,0
I’ve been pushing nonstop and now I feel empty and tired.,Stress & Burnout,Insecurity / Self-esteem,0.118890,0
My workload is too much and I’m exhausted every day.,Stress & Burnout,Anxiety,0.000000,0
I’m burnt out and I can’t find motivation anymore.,Stress & Burnout,Anxiety,0.000000,0
I feel stressed all the time and I can’t switch off.,Stress & Burnout,Insecurity / Self-esteem,0.118890,0
I’m drained from school and I don’t even enjoy weekends.,Stress & Burnout,Anxiety,0.000000,0
I’m juggling too many things and it’s wearing me down.,Stress & Burnout,Anxiety,0.123155,0
I keep procrastinating because I’m overwhelmed.,Stress & Burnout,Anxiety,0.000000,0
I feel pressured to perform and it’s affecting my sleep.,Stress & Burnout,Low Mood / Sadness,0.072901,0
I’m mentally exhausted and small tasks feel huge.,Stress & Burnout,Stress & Burnout,0.165988,1
I’m tired of everything and I just want a break.,Stress & Burnout,Insecurity / Self-esteem,0.094459,0
I can’t keep up with responsibilities and I feel stuck.,Stress & Burnout,Low Mood / Sadness,0.072901,0
My brain feels fried after long days of studying.,Stress & Burnout,Anxiety,0.000000,0
I feel like I’m carrying too much and I’m close to breaking.,Stress & Burnout,Low Mood / Sadness,0.072901,0
I’m stressed and my body feels tense constantly.,Stress & Burnout,Insecurity / Self-esteem,0.133585,0
I feel alone even when I’m surrounded by friends.,Loneliness,Low Mood / Sadness,0.072901,0
No one really checks on me and it hurts.,Loneliness,Anxiety,0.000000,0
I don’t feel like I belong anywhere.,Loneliness,Low Mood / Sadness,0.072901,0
I miss having someone to talk to at night.,Loneliness,Insecurity / Self-esteem,0.133585,0
I feel isolated and it’s starting to affect my mood.,Loneliness,Low Mood / Sadness,0.159882,0
I have friends but I still feel disconnected.,Loneliness,Loneliness,0.133339,1
I feel left out when everyone else is hanging out.,Loneliness,Low Mood / Sadness,0.072901,0
I wish I had a closer friend group.,Loneliness,Loneliness,0.118672,1
I’m lonely and I don’t know how to make new friends.,Loneliness,Low Mood / Sadness,0.116683,0
I feel like I’m invisible to people.,Loneliness,Low Mood / Sadness,0.072901,0
I moved on from old friends and now I feel empty.,Loneliness,Low Mood / Sadness,0.072901,0
I don’t have anyone I can be fully myself with.,Loneliness,Anxiety,0.000000,0
I feel lonely on weekends when everyone is busy.,Loneliness,Low Mood / Sadness,0.072901,0
I crave companionship but I don’t know how to reach out.,Loneliness,Anxiety,0.000000,0
I feel distant from people even when we chat.,Loneliness,Low Mood / Sadness,0.072901,0
I keep snapping at people and then I feel guilty.,Anger / Frustration / Guilt,Low Mood / Sadness,0.072901,0
I’m angry at myself for messing things up again.,Anger / Frustration / Guilt,Anxiety,0.123155,0
I feel frustrated and it’s like I can’t control it.,Anger / Frustration / Guilt,Anxiety,0.138377,0
I’m annoyed all the time and I don’t know why.,Anger / Frustration / Guilt,Anxiety,0.000000,0
I regret what I said and I feel so guilty.,Anger / Frustration / Guilt,Low Mood / Sadness,0.072901,0
I feel anger building up and I’m scared I’ll explode.,Anger / Frustration / Guilt,Anger / Frustration / Guilt,0.133681,1
I’m upset about how I acted and I can’t forgive myself.,Anger / Frustration / Guilt,Anxiety,0.000000,0
I feel guilty for disappointing my parents.,Anger / Frustration / Guilt,Low Mood / Sadness,0.072901,0
I’m frustrated because nothing is going my way.,Anger / Frustration / Guilt,Anger / Frustration / Guilt,0.118975,1
I feel mad and then ashamed right after.,Anger / Frustration / Guilt,Low Mood / Sadness,0.072901,0
I can’t stop blaming myself for what happened.,Anger / Frustration / Guilt,Anger / Frustration / Guilt,0.237951,1
I’m angry at someone but also feel bad for it.,Anger / Frustration / Guilt,Low Mood / Sadness,0.072901,0
I feel guilty for not being productive.,Anger / Frustration / Guilt,Low Mood / Sadness,0.072901,0
I get irritated easily and it’s affecting my relationships.,Anger / Frustration / Guilt,Anxiety,0.000000,0
I feel frustration that turns into guilt later.,Anger / Frustration / Guilt,Anger / Frustration / Guilt,0.133681,1
I feel like I’m not good enough compared to others.,Insecurity / Self-esteem,Low Mood / Sadness,0.072901,0
I hate how I look and it makes me insecure.,Insecurity / Self-esteem,Anxiety,0.000000,0
I always think people are judging me.,Insecurity / Self-esteem,Anxiety,0.000000,0
I feel worthless when I make a small mistake.,Insecurity / Self-esteem,Low Mood / Sadness,0.177745,0
I don’t feel confident speaking up in class.,Insecurity / Self-esteem,Low Mood / Sadness,0.072901,0
I compare myself to my friends and feel behind.,Insecurity / Self-esteem,Low Mood / Sadness,0.072901,0
I feel like I’m a burden to everyone.,Insecurity / Self-esteem,Low Mood / Sadness,0.072901,0
I doubt myself even when I do well.,Insecurity / Self-esteem,Insecurity / Self-esteem,0.133585,1
I feel insecure about my abilities at work/school.,Insecurity / Self-esteem,Low Mood / Sadness,0.072901,0
I can’t accept compliments because I don’t believe them.,Insecurity / Self-esteem,Anxiety,0.000000,0
I feel like everyone else has it together except me.,Insecurity / Self-esteem,Low Mood / Sadness,0.072901,0
I feel embarrassed about who I am.,Insecurity / Self-esteem,Low Mood / Sadness,0.072901,0
I’m afraid people will leave if they know the real me.,Insecurity / Self-esteem,Anxiety,0.000000,0
I feel like I don’t deserve good things.,Insecurity / Self-esteem,Anxiety,0.138377,0
I get jealous easily because I feel inferior.,Insecurity / Self-esteem,Low Mood / Sadness,0.072901,0
I feel down most days and I don’t know how to lift it.,Low Mood / Sadness,Low Mood / Sadness,0.072901,1
I feel sad and empty even when nothing happened.,Low Mood / Sadness,Low Mood / Sadness,0.072901,1
I’ve lost interest in things I used to enjoy.,Low Mood / Sadness,Anxiety,0.123155,0
I feel tired and gloomy all the time.,Low Mood / Sadness,Insecurity / Self-esteem,0.118890,0
I feel like crying for no clear reason.,Low Mood / Sadness,Low Mood / Sadness,0.072901,1
I feel hopeless about the future.,Low Mood / Sadness,Low Mood / Sadness,0.072901,1
I feel heavy inside and it’s hard to smile.,Low Mood / Sadness,Low Mood / Sadness,0.072901,1
My mood has been really low lately.,Low Mood / Sadness,Low Mood / Sadness,0.184018,1
I feel numb and disconnected from everything.,Low Mood / Sadness,Loneliness,0.133339,0
I wake up feeling sad and it follows me all day.,Low Mood / Sadness,Anxiety,0.000000,0
I feel like nothing matters right now.,Low Mood / Sadness,Low Mood / Sadness,0.072901,1
I feel discouraged and emotionally drained.,Low Mood / Sadness,Low Mood / Sadness,0.072901,1
I feel a constant sadness that won’t go away.,Low Mood / Sadness,Low Mood / Sadness,0.072901,1
I feel like I’m stuck in a dark mood.,Low Mood / Sadness,Low Mood / Sadness,0.159882,1
I feel low and I don’t want to do anything.,Low Mood / Sadness,Low Mood / Sadness,0.137585,1
