text,expected_topic,pred_topic,route_confidence,why_explain
My workload is too much and I’m exhausted every day.,Stress & Burnout,Anxiety,0.000000,
I’m burnt out and I can’t find motivation anymore.,Stress & Burnout,Anxiety,0.000000,
I’m drained from school and I don’t even enjoy weekends.,Stress & Burnout,Anxiety,0.000000,
I keep procrastinating because I’m overwhelmed.,Stress & Burnout,Anxiety,0.000000,
My brain feels fried after long days of studying.,Stress & Burnout,Anxiety,0.000000,
No one really checks on me and it hurts.,Loneliness,Anxiety,0.000000,
I don’t have anyone I can be fully myself with.,Loneliness,Anxiety,0.000000,
I crave companionship but I don’t know how to reach out.,Loneliness,Anxiety,0.000000,
I’m annoyed all the time and I don’t know why.,Anger / Frustration / Guilt,Anxiety,0.000000,
I’m upset about how I acted and I can’t forgive myself.,Anger / Frustration / Guilt,Anxiety,0.000000,
I get irritated easily and it’s affecting my relationships.,Anger / Frustration / Guilt,Anxiety,0.000000,
I hate how I look and it makes me insecure.,Insecurity / Self-esteem,Anxiety,0.000000,
I always think people are judging me.,Insecurity / Self-esteem,Anxiety,0.000000,
I can’t accept compliments because I don’t believe them.,Insecurity / Self-esteem,Anxiety,0.000000,
I’m afraid people will leave if they know the real me.,Insecurity / Self-esteem,Anxiety,0.000000,
I wake up feeling sad and it follows me all day.,Low Mood / Sadness,Anxiety,0.000000,
I feel panic coming on when I’m in crowded places.,Anxiety,Low Mood / Sadness,0.072901,
My hands get sweaty and I feel tense for no reason.,Anxiety,Low Mood / Sadness,0.072901,
I feel uneasy all day like something is wrong.,Anxiety,Low Mood / Sadness,0.072901,
I’m overwhelmed with deadlines and I feel like I’m running out of energy.,Stress & Burnout,Low Mood / Sadness,0.072901,
I feel pressured to perform and it’s affecting my sleep.,Stress & Burnout,Low Mood / Sadness,0.072901,
I can’t keep up with responsibilities and I feel stuck.,Stress & Burnout,Low Mood / Sadness,0.072901,
I feel like I’m carrying too much and I’m close to breaking.,Stress & Burnout,Low Mood / Sadness,0.072901,
I feel alone even when I’m surrounded by friends.,Loneliness,Low Mood / Sadness,0.072901,
I don’t feel like I belong anywhere.,Loneliness,Low Mood / Sadness,0.072901,
I feel left out when everyone else is hanging out.,Loneliness,Low Mood / Sadness,0.072901,
I feel like I’m invisible to people.,Loneliness,Low Mood / Sadness,0.072901,
I moved on from old friends and now I feel empty.,Loneliness,Low Mood / Sadness,0.072901,
I feel lonely on weekends when everyone is busy.,Loneliness,Low Mood / Sadness,0.072901,
I feel distant from people even when we chat.,Loneliness,Low Mood / Sadness,0.072901,
