text,true_topic,pred_topic,route_confidence
I feel anxious before exams and can’t sleep,Anxiety,Low Mood / Sadness,0.072901
I’m burnt out and exhausted from school,Stress & Burnout,Anxiety,0.000000
I feel lonely even when I’m around people,Loneliness,Low Mood / Sadness,0.072901
I feel guilty and angry at myself,Anger / Frustration / Guilt,Low Mood / Sadness,0.072901
I hate myself and feel not good enough,Insecurity / Self-esteem,Low Mood / Sadness,0.072901
I feel low and nothing excites me anymore,Low Mood / Sadness,Low Mood / Sadness,0.137585
